{"cameraMode":{"drawMode":0,"name":"Shaded","section":"Shading Mode"},"sceneLighting":false,"audioPlay":false,"sceneViewState":{"m_AlwaysRefresh":false,"showFog":true,"showSkybox":false,"showFlares":true,"showImageEffects":true,"showParticleSystems":true,"showVisualEffectGraphs":true,"m_FxEnabled":true},"in2DMode":false,"pivot":{"x":354.1499938964844,"y":202.53433227539063,"z":26.886444091796876},"rotation":{"x":-0.07870551943778992,"y":-0.35436877608299258,"z":0.02994844876229763,"w":-0.9313117861747742},"size":2.772839069366455,"orthographic":false}