{"cameraMode":{"drawMode":0,"name":"Shaded","section":"Shading Mode"},"sceneLighting":false,"audioPlay":false,"sceneViewState":{"m_AlwaysRefresh":false,"showFog":true,"showSkybox":false,"showFlares":true,"showImageEffects":true,"showParticleSystems":true,"showVisualEffectGraphs":true,"m_FxEnabled":true},"in2DMode":false,"pivot":{"x":1.1920928955078126e-7,"y":-0.05084526538848877,"z":1.127461552619934},"rotation":{"x":-0.43697604537010195,"y":-0.05981849879026413,"z":0.029141640290617944,"w":-0.8970152139663696},"size":2.038189649581909,"orthographic":false}