{"cameraMode":{"drawMode":0,"name":"Shaded","section":"Shading Mode"},"sceneLighting":false,"audioPlay":false,"sceneViewState":{"m_AlwaysRefresh":false,"showFog":true,"showSkybox":false,"showFlares":true,"showImageEffects":true,"showParticleSystems":true,"showVisualEffectGraphs":true,"m_FxEnabled":true},"in2DMode":false,"pivot":{"x":11.329999923706055,"y":3.0410261154174806,"z":11.680827140808106},"rotation":{"x":-0.28407716751098635,"y":-0.040817923843860629,"z":0.012106466107070446,"w":-0.9578635692596436},"size":2.4552230834960939,"orthographic":false}